id,first_name,last_name,email,phone,username,password,address,created_at
1,Norah,Bulluck,nbulluck0@timesonline.co.uk,4498136144,nbulluck0,m6R1ef,30470 Emmet Circle,2023-02-17 11:46:00
2,Rad,Ripsher,rripsher1@cocolog-nifty.com,7318203254,rripsher1,XaF6uX,20112 Sycamore Street,2023-01-05 14:05:00
3,Lonnie,Tarbard,ltarbard2@weebly.com,2088202323,ltarbard2,fkGNrm,63971 Shelley Crossing,2023-01-29 05:28:00
4,Newton,Beldom,nbeldom3@tripod.com,9105924398,nbeldom3,MsAJdurqvqIz,07926 Canary Center,2023-02-10 23:06:00
5,Ethe,Downing,edowning4@fastcompany.com,5167204325,edowning4,XxLacF4,48 Delaware Point,2023-02-23 03:46:00
6,Andrey,Fryd,afryd5@cmu.edu,7161592822,afryd5,1lprxTZaq,93 Lake View Parkway,2023-01-15 19:14:00
7,Ibrahim,Dorrity,idorrity6@tinyurl.com,9665654644,idorrity6,DanmL6g,3 Kings Crossing,2022-10-28 14:43:00
8,Berti,Sherlock,bsherlock7@weibo.com,8728756665,bsherlock7,obt2s6GPbxv,20 Hazelcrest Way,2022-05-13 12:06:00
9,Bendite,Danis,bdanis8@live.com,4922883725,bdanis8,UIWjfEN,4 Buhler Junction,2022-07-09 02:32:00
10,Alyse,Mapplebeck,amapplebeck9@sakura.ne.jp,7402722084,amapplebeck9,OwKrBNveZ,567 Sycamore Way,2022-05-25 05:49:00
11,Muriel,Kibbel,mkibbela@indiegogo.com,9358185298,mkibbela,rRIkLR,6438 Sunnyside Street,2022-11-21 05:57:00
12,Lonna,Premble,lprembleb@salon.com,8484292339,lprembleb,fDKbZZ,6517 Linden Center,2023-01-18 22:00:00
13,Marlo,Scrymgeour,mscrymgeourc@csmonitor.com,1176070248,mscrymgeourc,6waWNAwz,04 Talmadge Lane,2022-07-16 19:58:00
15,Ashly,Hiley,ahileye@biglobe.ne.jp,8836875761,ahileye,1m03cP9Z,59 Boyd Road,2022-12-06 05:59:00
14,Gilberta,Coxhead,gcoxheadd@mapy.cz,3127590453,gcoxheadd,b4EQLkNTfLF,013 Badeau Road,2023-02-03 01:03:00
